name,email,agde
Maure Petre,mpetre0@oaic.gov.au,59
Boigie Karys,bkarys1@surveymonkey.com,96
Clerissa Budd,cbudd2@yellowpages.com,93
Pammi Dorey,pdorey3@netscape.com,98
Rocky Hampshire,rhampshire4@blogs.com,82
Dallas Stookes,dstookes5@gnu.org,85
Lisa Garatty,lgaratty6@fotki.com,91
Pearline Coushe,pcoushe7@over-blog.com,83
Sky Hunnicot,shunnicot8@joomla.org,37
Sallyann Breward,sbreward9@webs.com,43
Trixi Domino,tdominoa@google.it,24
Hallie Connow,hconnowb@mac.com,36
Jewel Tassel,jtasselc@who.int,39
Holmes Caldayrou,hcaldayroud@surveymonkey.com,64
Zena Osmund,zosmunde@multiply.com,70
Roselin Luparti,rlupartif@foxnews.com,38
Fabian Stonary,fstonaryg@accuweather.com,55
Zeke McLennan,zmclennanh@typepad.com,55
Ronald Stennes,rstennesi@friendfeed.com,84
Dunn Elsegood,delsegoodj@so-net.ne.jp,25
Genia Lamball,glamballk@fc2.com,59
Flory MacUchadair,fmacuchadairl@rakuten.co.jp,36
Carrol Turk,cturkm@tripod.com,59
Corene Harmour,charmourn@constantcontact.com,75
Garv Currington,gcurringtono@marketwatch.com,54
Roma Govini,rgovinip@liveinternet.ru,50
Horace Goodrum,hgoodrumq@comsenz.com,68
Katina Altoft,kaltoftr@walmart.com,92
Crissie Pulford,cpulfords@joomla.org,20
Carroll Leney,cleneyt@sfgate.com,45
Enoch Baily,ebailyu@usnews.com,75
Jarad Kennedy,jkennedyv@360.cn,93
Farley McGrale,fmcgralew@comcast.net,55
Conrado Schimank,cschimankx@qq.com,34
Myrtia Bengal,mbengaly@timesonline.co.uk,87
Benita Mallinson,bmallinsonz@de.vu,64
Lacey Maginot,lmaginot10@drupal.org,26
Tasia Rendle,trendle11@blog.com,73
Abdul Roddell,aroddell12@whitehouse.gov,93
Nickolaus Dallender,ndallender13@europa.eu,57
Emmett Lathan,elathan14@imdb.com,88
Ruben Napthine,rnapthine15@wunderground.com,84
Sibbie Payn,spayn16@phoca.cz,41
Malynda Seckington,mseckington17@ucla.edu,53
Doralin Feldstein,dfeldstein18@rediff.com,59
Georgiana Sodor,gsodor19@ca.gov,39
Celisse Kitchingman,ckitchingman1a@example.com,50
Edik Harrild,eharrild1b@stumbleupon.com,42
Stanley Cardillo,scardillo1c@bloglovin.com,42
Maurita Rudham,mrudham1d@phoca.cz,95
Lara Jenner,ljenner1e@hatena.ne.jp,40
Jackie Skewes,jskewes1f@cocolog-nifty.com,65
Giulia Smowton,gsmowton1g@nydailynews.com,89
Husain Bennitt,hbennitt1h@mediafire.com,80
Godfree Saterthwait,gsaterthwait1i@toplist.cz,19
Kleon Dunn,kdunn1j@census.gov,52
Sherye Druce,sdruce1k@blogspot.com,27
Myrilla Nolleth,mnolleth1l@comsenz.com,80
Jemmy Tice,jtice1m@indiatimes.com,37
Karee Bredes,kbredes1n@phpbb.com,88
Audre Jeavons,ajeavons1o@blogger.com,63
Brent Ayscough,bayscough1p@state.gov,79
Virgilio Mosdill,vmosdill1q@fotki.com,67
Jolie Banane,jbanane1r@youku.com,89
Warren McLukie,wmclukie1s@nytimes.com,86
Skylar Payle,spayle1t@rakuten.co.jp,68
Laure Matson,lmatson1u@mozilla.org,28
Leanor Morot,lmorot1v@blinklist.com,91
Berthe Gatenby,bgatenby1w@feedburner.com,35
Kerr Siccombe,ksiccombe1x@google.com,94
Martie Marciskewski,mmarciskewski1y@thetimes.co.uk,47
Isidor Housbey,ihousbey1z@t.co,99
Rahal Tossell,rtossell20@google.nl,49
Rik Alkins,ralkins21@last.fm,71
Rhoda McLean,rmclean22@army.mil,50
Sybila Adolfson,sadolfson23@ed.gov,74
Terry Averill,taverill24@xing.com,52
Shepard Kittman,skittman25@redcross.org,85
Yorker Scarre,yscarre26@globo.com,57
Ninette Detoc,ndetoc27@edublogs.org,45
Camilla Terrington,cterrington28@umich.edu,60
Corri Bagehot,cbagehot29@alexa.com,98
Aileen Tubridy,atubridy2a@patch.com,63
Vincents Tander,vtander2b@technorati.com,27
Tod Granleese,tgranleese2c@theatlantic.com,42
Chastity Ancell,cancell2d@macromedia.com,19
Briant Markussen,bmarkussen2e@toplist.cz,60
Dehlia Rudgard,drudgard2f@skyrock.com,40
Bret Kubat,bkubat2g@liveinternet.ru,76
Melonie Bresland,mbresland2h@adobe.com,69
Dex Pidgeley,dpidgeley2i@flickr.com,52
Claudius Kusick,ckusick2j@mac.com,95
Curcio Apfler,capfler2k@redcross.org,68
Blaine Maton,bmaton2l@skype.com,79
Had Rumsby,hrumsby2m@ucoz.com,100
Bobina Phillipps,bphillipps2n@icio.us,35
Zelma Castells,zcastells2o@chronoengine.com,26
Gerladina Blundell,gblundell2p@cdbaby.com,87
Julie McTerlagh,jmcterlagh2q@skype.com,24
Kelly Breslin,kbreslin2r@gizmodo.com,91
Aindrea Jacob,ajacob2s@virginia.edu,65
Conrad Trumper,ctrumper2t@google.com.hk,95
Orran Raw,oraw2u@who.int,39
Gunner Fredson,gfredson2v@hubpages.com,65
Ezri Rowswell,erowswell2w@state.gov,59
Aharon Staines,astaines2x@webmd.com,47
Arlana Tomek,atomek2y@symantec.com,70
Gwenora Vedeneev,gvedeneev2z@craigslist.org,51
Odetta Fesby,ofesby30@shop-pro.jp,24
Sibyl Aspinall,saspinall31@pcworld.com,90
Marten Jedraszczyk,mjedraszczyk32@skype.com,97
Carly Sultan,csultan33@is.gd,49
Cayla Maevela,cmaevela34@bloglovin.com,57
Mella Kilner,mkilner35@whitehouse.gov,59
Dallon Narducci,dnarducci36@ezinearticles.com,74
Analiese Capstick,acapstick37@theglobeandmail.com,69
Morgan Walstow,mwalstow38@xing.com,98
Buddie Boyles,bboyles39@epa.gov,98
Saunder Cearley,scearley3a@google.com.hk,38
Waylon Tadgell,wtadgell3b@biblegateway.com,48
Christie Maddyson,cmaddyson3c@tiny.cc,49
Torr Storms,tstorms3d@telegraph.co.uk,53
Allyce Ganderton,aganderton3e@icq.com,35
Andris Kassman,akassman3f@mail.ru,83
Cthrine Halburton,chalburton3g@slate.com,91
Sidonia Crigin,scrigin3h@fc2.com,55
Nady McMurty,nmcmurty3i@ameblo.jp,95
Gene Quantrill,gquantrill3j@comcast.net,83
Mickie Hallgalley,mhallgalley3k@edublogs.org,69
Raff Roon,rroon3l@nsw.gov.au,54
Theodora Deguara,tdeguara3m@godaddy.com,54
Genni Pinniger,gpinniger3n@drupal.org,65
Vail Shurville,vshurville3o@surveymonkey.com,34
Adelbert Klossmann,aklossmann3p@ameblo.jp,36
Kassia Varah,kvarah3q@wp.com,32
Moselle Coalburn,mcoalburn3r@usa.gov,52
Tiffi Griswood,tgriswood3s@pbs.org,100
Pat Windham,pwindham3t@sohu.com,22
Retha Macken,rmacken3u@biblegateway.com,52
Aura Aimson,aaimson3v@narod.ru,52
Riva Overthrow,roverthrow3w@yolasite.com,99
Bianca Lincoln,blincoln3x@va.gov,46
Dorena Noddings,dnoddings3y@gizmodo.com,50
Mischa Mallindine,mmallindine3z@ibm.com,47
Koressa Blaycock,kblaycock40@nbcnews.com,69
Jessey Suffe,jsuffe41@ocn.ne.jp,94
Calvin Stenner,cstenner42@ocn.ne.jp,75
Vera Zelley,vzelley43@boston.com,60
Pincus Suatt,psuatt44@posterous.com,93
Shermie Crafter,scrafter45@ifeng.com,79
Hubert Marginson,hmarginson46@hugedomains.com,87
Tish Harbottle,tharbottle47@webnode.com,60
Tobye Gaul,tgaul48@constantcontact.com,43
Babs Picopp,bpicopp49@senate.gov,96
Violante Broun,vbroun4a@uol.com.br,39
Paolina Philpot,pphilpot4b@archive.org,88
Chandal Kuhnel,ckuhnel4c@desdev.cn,93
Haven Woodbridge,hwoodbridge4d@github.io,20
Cece Vigietti,cvigietti4e@ca.gov,71
Raynor Tchir,rtchir4f@cbsnews.com,72
Lenee Portwaine,lportwaine4g@cdbaby.com,37
Corina Lunn,clunn4h@jimdo.com,43
Peyter Tomlin,ptomlin4i@wikimedia.org,28
Marinna Cyson,mcyson4j@omniture.com,57
Rhianon Russilll,rrussilll4k@myspace.com,63
Bell Kearley,bkearley4l@bloglovin.com,99
Emlyn Malkin,emalkin4m@lycos.com,43
Othello Wherton,owherton4n@amazonaws.com,38
Caresa Ferneley,cferneley4o@yahoo.com,52
Bearnard Myott,bmyott4p@reuters.com,23
Priscella Signorelli,psignorelli4q@vistaprint.com,75
Johna Luna,jluna4r@ihg.com,63
Chelsea Dudman,cdudman4s@homestead.com,64
Emerson Moyers,emoyers4t@sciencedaily.com,36
Marget Huster,mhuster4u@ow.ly,51
Gayel Mattimoe,gmattimoe4v@free.fr,47
Audre Duxbury,aduxbury4w@paypal.com,63
Katine Panyer,kpanyer4x@cdc.gov,44
Erek Pickthorn,epickthorn4y@tumblr.com,25
Francisco Rawling,frawling4z@google.pl,60
Stefa Rozea,srozea50@stumbleupon.com,83
Leoine Pedycan,lpedycan51@earthlink.net,74
Margret Fer,mfer52@usnews.com,69
Jenifer De Gouy,jde53@timesonline.co.uk,41
Corty Philbin,cphilbin54@hud.gov,51
Silvain Dugdale,sdugdale55@nhs.uk,55
Kerwinn Croson,kcroson56@columbia.edu,49
Tudor Neames,tneames57@washington.edu,45
Alistair Thomke,athomke58@skyrock.com,67
Susette Salsberg,ssalsberg59@etsy.com,72
Ariana Vasilyonok,avasilyonok5a@google.ca,41
Kelvin Fenck,kfenck5b@va.gov,21
Fifi Carnier,fcarnier5c@ezinearticles.com,72
Victoria Dimitrescu,vdimitrescu5d@squarespace.com,54
Shirleen Cortin,scortin5e@house.gov,87
Bondy Raffan,braffan5f@whitehouse.gov,89
Bonni Lowde,blowde5g@woothemes.com,37
Lovell Chene,lchene5h@drupal.org,46
Algernon Guntrip,aguntrip5i@bandcamp.com,24
Pierson Gillespey,pgillespey5j@ocn.ne.jp,80
Giacomo Ewart,gewart5k@yale.edu,93
Marcile Bedingfield,mbedingfield5l@so-net.ne.jp,84
Bette Nevinson,bnevinson5m@spiegel.de,66
Fanchon Begley,fbegley5n@home.pl,72
Delilah Gatsby,dgatsby5o@sciencedirect.com,63
Gina Artist,gartist5p@hhs.gov,86
Noelani Whanstall,nwhanstall5q@123-reg.co.uk,86
Dorisa Yellowley,dyellowley5r@apple.com,40
Rosamond Crollman,rcrollman5s@multiply.com,19
Keary McDuffie,kmcduffie5t@webnode.com,68
Ade Slee,aslee5u@admin.ch,71
Dinny McIlharga,dmcilharga5v@oakley.com,82
Francisco Oxbury,foxbury5w@alexa.com,80
Margarete Brokenshaw,mbrokenshaw5x@sfgate.com,64
Warden Mallison,wmallison5y@tinypic.com,49
Alberta Ralphs,aralphs5z@webs.com,64
Shalne Perfect,sperfect60@shareasale.com,26
Phil Toy,ptoy61@hexun.com,83
Amelita Merrick,amerrick62@jalbum.net,96
Anatollo Regan,aregan63@nyu.edu,36
Rollin Trevers,rtrevers64@privacy.gov.au,44
Sallyanne Meriet,smeriet65@unicef.org,58
Katha Barwood,kbarwood66@typepad.com,91
Derick Simenot,dsimenot67@mediafire.com,87
Frederica Friatt,ffriatt68@timesonline.co.uk,22
Ernst Bozier,ebozier69@icq.com,23
Rudie Sherrin,rsherrin6a@ftc.gov,52
Davie Jurn,djurn6b@geocities.com,47
Linette Radolf,lradolf6c@blog.com,37
Erie Clemmens,eclemmens6d@washington.edu,73
Janela Ewing,jewing6e@npr.org,46
Walt Buttrick,wbuttrick6f@unblog.fr,86
Tybalt Yankin,tyankin6g@cbc.ca,99
Arabele Cuddon,acuddon6h@xing.com,68
Mickey Dommerque,mdommerque6i@xing.com,81
Karalee Hickenbottom,khickenbottom6j@pinterest.com,58
Gabey McConigal,gmcconigal6k@51.la,67
Nance Piele,npiele6l@washington.edu,71
Basia Balf,bbalf6m@vkontakte.ru,88
Merill Kneeshaw,mkneeshaw6n@fema.gov,50
Whit Ocklin,wocklin6o@mashable.com,22
Lorianne Holcroft,lholcroft6p@aol.com,49
Cassandre Kenion,ckenion6q@vk.com,70
Harrietta Wimp,hwimp6r@skyrock.com,75
Chad Kasbye,ckasbye6s@bandcamp.com,94
Scarface Lockhart,slockhart6t@cornell.edu,94
Zorah Francis,zfrancis6u@fda.gov,44
Jenica Caine,jcaine6v@archive.org,65
Rochella Gyrgorcewicx,rgyrgorcewicx6w@sakura.ne.jp,41
Josefa Kenzie,jkenzie6x@nps.gov,51
Wilma MacAleese,wmacaleese6y@blogspot.com,28
Moshe Careless,mcareless6z@cmu.edu,39
Nessi Wines,nwines70@opensource.org,23
Den Fronek,dfronek71@lycos.com,52
Gearard McDuffie,gmcduffie72@bbc.co.uk,94
Robby Blaw,rblaw73@unesco.org,93
De witt Shoebrook,dwitt74@gnu.org,41
Jacki Tullis,jtullis75@slate.com,51
Gavin Cottier,gcottier76@sun.com,86
Toinette Biskupski,tbiskupski77@symantec.com,52
Marjie Maryon,mmaryon78@nasa.gov,64
Haywood Beadham,hbeadham79@squidoo.com,45
Rozalin Bantham,rbantham7a@walmart.com,65
Dorthy Billsberry,dbillsberry7b@163.com,87
Silvio Michell,smichell7c@blinklist.com,69
Wilton MacColgan,wmaccolgan7d@smugmug.com,56
Chrissie Gibke,cgibke7e@chron.com,69
Tallou Mason,tmason7f@hud.gov,36
Jonah Borris,jborris7g@chronoengine.com,88
Adeline Rosedale,arosedale7h@state.tx.us,69
Kendre Corck,kcorck7i@cam.ac.uk,88
Lisetta Hansana,lhansana7j@issuu.com,96
Guendolen Drysdell,gdrysdell7k@clickbank.net,82
Gregorio Hawes,ghawes7l@bloglines.com,33
Dallis Stranahan,dstranahan7m@istockphoto.com,22
Almeria Devil,adevil7n@hud.gov,44
Addia Stocker,astocker7o@cmu.edu,24
Elna Stanyforth,estanyforth7p@tinyurl.com,97
Joan Erickson,jerickson7q@bbc.co.uk,98
Kimmie Akers,kakers7r@wix.com,52
Chilton Simonaitis,csimonaitis7s@ucoz.com,49
Ephraim Otter,eotter7t@miitbeian.gov.cn,43
Georgeanne Leckenby,gleckenby7u@senate.gov,27
Ingaborg Goodbar,igoodbar7v@wikia.com,21
Wye MacGibbon,wmacgibbon7w@samsung.com,19
Denny Woodlands,dwoodlands7x@weebly.com,94
Sig Carey,scarey7y@is.gd,68
Tonya Gilleon,tgilleon7z@spiegel.de,82
Gabe Galliard,ggalliard80@mozilla.com,55
Ynez Joontjes,yjoontjes81@cnbc.com,48
Ilka Fontel,ifontel82@plala.or.jp,26
Neale Tabb,ntabb83@archive.org,39
Lian Wartnaby,lwartnaby84@scientificamerican.com,43
Salaidh Radclyffe,sradclyffe85@csmonitor.com,81
Lin Doughtery,ldoughtery86@amazon.de,41
Maisey Mattschas,mmattschas87@ifeng.com,84
Maia Pulteneye,mpulteneye88@technorati.com,34
Agneta Farndale,afarndale89@w3.org,18
Kariotta Ramsey,kramsey8a@photobucket.com,84
Carilyn Keeri,ckeeri8b@zdnet.com,67
Chelsey Stansall,cstansall8c@1und1.de,86
Sydney Slyvester,sslyvester8d@rambler.ru,97
Caro Filippozzi,cfilippozzi8e@zdnet.com,80
Juieta Loghan,jloghan8f@illinois.edu,65
Robert Gilardi,rgilardi8g@comsenz.com,86
Haley O' Hogan,ho8h@devhub.com,65
Isabelita McCafferky,imccafferky8i@webs.com,95
Clarance Fadian,cfadian8j@auda.org.au,93
Lara O'Henehan,lohenehan8k@adobe.com,57
Tabb Etridge,tetridge8l@accuweather.com,67
Tabb Kwietek,tkwietek8m@apple.com,61
Germain Tillett,gtillett8n@prweb.com,91
Babs Dabnor,bdabnor8o@networkadvertising.org,38
Barbey Leversha,bleversha8p@instagram.com,70
Nert Cottle,ncottle8q@howstuffworks.com,93
Mandy Shankster,mshankster8r@google.nl,78
Danica Lacky,dlacky8s@ustream.tv,93
Shaughn Kenworth,skenworth8t@feedburner.com,77
Dal Loch,dloch8u@rakuten.co.jp,64
Lukas Stevenson,lstevenson8v@noaa.gov,85
Cymbre Howe,chowe8w@constantcontact.com,28
Sharity Sotheby,ssotheby8x@scribd.com,78
Gray Taplow,gtaplow8y@qq.com,49
Joannes Marley,jmarley8z@quantcast.com,100
Kliment Dickman,kdickman90@unesco.org,68
Balduin Bufton,bbufton91@addthis.com,39
Min Whatling,mwhatling92@hp.com,58
Thom Comizzoli,tcomizzoli93@nsw.gov.au,77
Bartie Dwelly,bdwelly94@blogtalkradio.com,92
Tiphany Oxbe,toxbe95@wikia.com,62
Prinz Studde,pstudde96@blogs.com,37
Modesty Kloss,mkloss97@baidu.com,98
Kori Timmins,ktimmins98@europa.eu,94
Kissee Goundry,kgoundry99@furl.net,94
Louisa Czajkowska,lczajkowska9a@myspace.com,71
Jolee Ferneyhough,jferneyhough9b@youtu.be,24
Michel Gorioli,mgorioli9c@stanford.edu,44
Brook Stanmer,bstanmer9d@tripadvisor.com,72
Jo ann Menguy,jann9e@jimdo.com,32
Caresa Liddel,cliddel9f@samsung.com,93
Starr Delaney,sdelaney9g@networkadvertising.org,28
Lauraine Pettiward,lpettiward9h@soup.io,37
Patty Hillborne,phillborne9i@soup.io,20
Wayne Zambon,wzambon9j@pen.io,56
Elva Setchell,esetchell9k@globo.com,59
Robert Fidian,rfidian9l@multiply.com,26
Julie Rannigan,jrannigan9m@bloglines.com,82
Kathy Schwier,kschwier9n@globo.com,93
Amble Grolle,agrolle9o@washingtonpost.com,79
Sonnie Tummasutti,stummasutti9p@howstuffworks.com,60
Robinett De Bernardis,rde9q@ucsd.edu,27
Colline Maulin,cmaulin9r@cnbc.com,54
Addi Fann,afann9s@telegraph.co.uk,67
Happy Perkin,hperkin9t@twitter.com,56
Tucky Teml,tteml9u@bloglines.com,67
Jess Faulconer,jfaulconer9v@ebay.co.uk,27
Maia Battleson,mbattleson9w@dedecms.com,66
Jakob Poetz,jpoetz9x@mysql.com,64
Engelbert Moulder,emoulder9y@craigslist.org,35
Burr Bras,bbras9z@360.cn,60
Yvor Ivanchov,yivanchova0@amazon.co.jp,22
Anson Andree,aandreea1@ning.com,18
Saleem Collinette,scollinettea2@theguardian.com,84
Giordano Buxton,gbuxtona3@forbes.com,80
Krisha Rossi,krossia4@patch.com,77
Berk Towell,btowella5@independent.co.uk,66
Hyman Tampen,htampena6@mysql.com,34
Ashil Balcombe,abalcombea7@twitter.com,43
Roseann Kernaghan,rkernaghana8@drupal.org,63
Warden Beverley,wbeverleya9@so-net.ne.jp,40
Chan Blowen,cblowenaa@earthlink.net,80
Arny Joddens,ajoddensab@ibm.com,75
Lorita Nafziger,lnafzigerac@homestead.com,49
Yolanthe Moulds,ymouldsad@miibeian.gov.cn,91
Dacia Stanning,dstanningae@lulu.com,27
Marcus Caustic,mcausticaf@miibeian.gov.cn,80
Francisca MacCartair,fmaccartairag@g.co,55
Linnell Garnul,lgarnulah@forbes.com,80
Ellis Worboy,eworboyai@salon.com,74
Zedekiah O'Corr,zocorraj@studiopress.com,58
Harli Fawcett,hfawcettak@sina.com.cn,65
Cassie Lapthorn,clapthornal@bloomberg.com,41
Reynolds Argile,rargileam@4shared.com,25
Tedi Quince,tquincean@liveinternet.ru,28
Dew Coppens,dcoppensao@pagesperso-orange.fr,85
Shae Linturn,slinturnap@state.gov,76
Florrie Thatcher,fthatcheraq@disqus.com,94
Alika Leyninye,aleyninyear@rediff.com,50
Jasen Nicholas,jnicholasas@mayoclinic.com,19
Yevette Scurrah,yscurrahat@altervista.org,20
Agretha Piddle,apiddleau@cafepress.com,49
Francis Seabrocke,fseabrockeav@biblegateway.com,23
Dael Lias,dliasaw@zdnet.com,64
Renell Roache,rroacheax@pagesperso-orange.fr,93
Templeton Riddock,triddockay@hc360.com,96
Anet Logan,aloganaz@weibo.com,28
Carmelia Massow,cmassowb0@hc360.com,60
Marcos Peplaw,mpeplawb1@nbcnews.com,69
Deeann Dillon,ddillonb2@jugem.jp,85
David Ebi,debib3@alibaba.com,79
Tonye Force,tforceb4@netlog.com,97
Staffard Rowden,srowdenb5@sphinn.com,83
Shane Akess,sakessb6@howstuffworks.com,58
Kiersten Castle,kcastleb7@typepad.com,63
Zora Keable,zkeableb8@census.gov,22
Althea Marsie,amarsieb9@webmd.com,51
Arvy Nodin,anodinba@dmoz.org,39
My Batters,mbattersbb@biblegateway.com,53
Abbey Kasman,akasmanbc@apple.com,84
Fabian Sale,fsalebd@flavors.me,71
Molli Gumbrell,mgumbrellbe@twitter.com,64
Kacy Gotthard.sf,kgotthardsfbf@jigsy.com,54
Jarrod Odhams,jodhamsbg@uiuc.edu,24
Cherida Klemz,cklemzbh@bizjournals.com,40
Silva Gillatt,sgillattbi@issuu.com,62
Barbabra Shill,bshillbj@ezinearticles.com,93
Chloette Gierke,cgierkebk@japanpost.jp,44
Chas Carrigan,ccarriganbl@github.io,38
Gwyn Gittose,ggittosebm@linkedin.com,61
Lanni Highton,lhightonbn@fotki.com,41
Russell Haythorn,rhaythornbo@go.com,78
Kellie Lackington,klackingtonbp@hhs.gov,56
Angelico Bickmore,abickmorebq@youtu.be,55
Carrol Verling,cverlingbr@joomla.org,18
Elisabetta McCrillis,emccrillisbs@craigslist.org,61
Welby Spino,wspinobt@hatena.ne.jp,18
Ilise Ahlf,iahlfbu@msn.com,96
Gussie Kempson,gkempsonbv@csmonitor.com,33
Petey Halvorsen,phalvorsenbw@sfgate.com,100
Gale Ogers,gogersbx@nifty.com,26
Kalinda Lakeland,klakelandby@discovery.com,80
Pamela Cork,pcorkbz@youtube.com,56
Sheila Togwell,stogwellc0@elpais.com,65
Kennedy Mountstephen,kmountstephenc1@virginia.edu,48
Cristina Pengelley,cpengelleyc2@weibo.com,77
Banky Turbitt,bturbittc3@etsy.com,66
Cris Gabbitis,cgabbitisc4@chronoengine.com,84
Madison Chatwin,mchatwinc5@newsvine.com,58
Chaim Kolushev,ckolushevc6@diigo.com,84
Nari Kenwright,nkenwrightc7@twitter.com,66
Juieta Galway,jgalwayc8@123-reg.co.uk,26
Link Churchley,lchurchleyc9@dedecms.com,31
Matteo Peyro,mpeyroca@icq.com,99
Rubi Goodboddy,rgoodboddycb@biblegateway.com,90
Artair Whicher,awhichercc@marketwatch.com,56
Bryn Buy,bbuycd@cam.ac.uk,100
Aile Goligly,agoliglyce@nsw.gov.au,91
Roberto Venes,rvenescf@mysql.com,18
Ware Scrymgeour,wscrymgeourcg@huffingtonpost.com,18
Lita Lemme,llemmech@dion.ne.jp,74
Ruperta Crauford,rcraufordci@fastcompany.com,35
Daryn Campos,dcamposcj@umn.edu,50
Guenevere Abernethy,gabernethyck@economist.com,60
Dorena Binestead,dbinesteadcl@nationalgeographic.com,43
Eadie Ballingal,eballingalcm@phpbb.com,30
Saunders Sea,sseacn@skyrock.com,72
Matthaeus Verty,mvertyco@yelp.com,82
Scotti Whitemarsh,swhitemarshcp@list-manage.com,30
Staffard Cesconi,scesconicq@eepurl.com,84
Gael French,gfrenchcr@nba.com,47
Evelina Orridge,eorridgecs@lycos.com,42
Jase Riddeough,jriddeoughct@printfriendly.com,44
Correna Franckton,cfrancktoncu@diigo.com,74
Bernita Callington,bcallingtoncv@ustream.tv,73
Tades Louden,tloudencw@xrea.com,29
Smitty Mioni,smionicx@wiley.com,81
Neal McCallion,nmccallioncy@npr.org,47
Coop Wilkerson,cwilkersoncz@vk.com,84
Rebbecca Minchindon,rminchindond0@ehow.com,44
Delainey Coles,dcolesd1@cocolog-nifty.com,20
Greggory Folker,gfolkerd2@tumblr.com,71
Cecilla Newe,cnewed3@vimeo.com,76
Guthrey Bento,gbentod4@trellian.com,42
Buffy Learoyd,blearoydd5@marketwatch.com,89
Becki Heater,bheaterd6@wikia.com,69
Harman Morteo,hmorteod7@blogtalkradio.com,59
Ham Scoggin,hscoggind8@virginia.edu,54
Olivie Wren,owrend9@eventbrite.com,89
Arty Batkin,abatkinda@sina.com.cn,68
Morgun Otto,mottodb@goo.ne.jp,70
Nicola Beswell,nbeswelldc@webeden.co.uk,74
Jorie Scarratt,jscarrattdd@irs.gov,42
Jaynell McIvor,jmcivorde@hostgator.com,47
Susanne Spicer,sspicerdf@mozilla.org,40
Alta Torn,atorndg@usnews.com,61
Vinita Barrand,vbarranddh@cam.ac.uk,95
Emogene Brabham,ebrabhamdi@walmart.com,31
Vasilis Haggith,vhaggithdj@yahoo.co.jp,20
Henrie Jatczak,hjatczakdk@webs.com,51
Christean Bernaciak,cbernaciakdl@e-recht24.de,83
Codee Rozenzweig,crozenzweigdm@w3.org,83
Chloe Bramelt,cbrameltdn@dedecms.com,69
Nananne Varnals,nvarnalsdo@princeton.edu,23
Rudie Snazle,rsnazledp@boston.com,85
Jyoti Friend,jfrienddq@ow.ly,100
Justine McCreath,jmccreathdr@dropbox.com,80
Fredelia Farriar,ffarriards@elegantthemes.com,44
Germain Glasscott,gglasscottdt@histats.com,32
Alvy Antoinet,aantoinetdu@linkedin.com,28
Kelsi Fearne,kfearnedv@wufoo.com,76